{"cameraMode":{"drawMode":0,"name":"Shaded","section":"Shading Mode"},"sceneLighting":true,"audioPlay":false,"sceneViewState":{"showFog":true,"showMaterialUpdate":false,"showSkybox":true,"showFlares":true,"showImageEffects":true,"showParticleSystems":true},"in2DMode":false,"pivot":{"x":-0.18696483969688416,"y":5.84067964553833,"z":-1.4420166015625},"rotation":{"x":0.0015281753148883582,"y":0.9918199181556702,"z":0.12714701890945435,"w":-0.011902417987585068},"size":14.833338737487793,"orthographic":false}